policy,cpu_qos,dma_qos,dnn_qos,cpu_outstanding,dma_outstanding,dnn_outstanding,axi_queue_depth,cpu_avg_ns,cpu_p50_ns,cpu_p95_ns,cpu_p99_ns,cpu_max_ns,accelerator_throughput_gbps
qos,8,4,4,8,16,32,16,788.8,822.0,1317.5,1400.3,1421.0,9.95
qos,8,4,8,8,16,32,16,788.2,821.0,1317.5,1400.3,1421.0,9.95
qos,8,4,12,8,16,32,16,894.3,948.0,1333.0,1354.6,1360.0,10.46
qos,8,8,4,8,16,32,16,788.8,822.0,1317.5,1400.3,1421.0,9.95
qos,8,8,8,8,16,32,16,788.8,822.0,1317.5,1400.3,1421.0,9.95
qos,8,8,12,8,16,32,16,894.3,948.0,1333.0,1354.6,1360.0,10.46
qos,8,12,4,8,16,32,16,757.9,822.0,1318.5,1401.3,1422.0,9.94
qos,8,12,8,8,16,32,16,757.9,822.0,1318.5,1401.3,1422.0,9.94
qos,8,12,12,8,16,32,16,889.6,948.5,1358.0,1408.4,1421.0,9.95
qos,12,4,4,8,16,32,16,788.8,822.0,1317.5,1400.3,1421.0,9.95
qos,12,4,8,8,16,32,16,788.2,821.0,1317.5,1400.3,1421.0,9.95
qos,12,4,12,8,16,32,16,788.2,821.0,1317.5,1400.3,1421.0,9.95
qos,12,8,4,8,16,32,16,788.8,822.0,1317.5,1400.3,1421.0,9.95
qos,12,8,8,8,16,32,16,788.8,822.0,1317.5,1400.3,1421.0,9.95
qos,12,8,12,8,16,32,16,788.2,821.0,1317.5,1400.3,1421.0,9.95
qos,12,12,4,8,16,32,16,788.8,822.0,1317.5,1400.3,1421.0,9.95
qos,12,12,8,8,16,32,16,788.8,822.0,1317.5,1400.3,1421.0,9.95
qos,12,12,12,8,16,32,16,788.8,822.0,1317.5,1400.3,1421.0,9.95
qos,15,4,4,8,16,32,16,788.8,822.0,1317.5,1400.3,1421.0,9.95
qos,15,4,8,8,16,32,16,788.2,821.0,1317.5,1400.3,1421.0,9.95
qos,15,4,12,8,16,32,16,788.2,821.0,1317.5,1400.3,1421.0,9.95
qos,15,8,4,8,16,32,16,788.8,822.0,1317.5,1400.3,1421.0,9.95
qos,15,8,8,8,16,32,16,788.8,822.0,1317.5,1400.3,1421.0,9.95
qos,15,8,12,8,16,32,16,788.2,821.0,1317.5,1400.3,1421.0,9.95
qos,15,12,4,8,16,32,16,788.8,822.0,1317.5,1400.3,1421.0,9.95
qos,15,12,8,8,16,32,16,788.8,822.0,1317.5,1400.3,1421.0,9.95
qos,15,12,12,8,16,32,16,788.8,822.0,1317.5,1400.3,1421.0,9.95
